{
  "timestamp": "2025-11-28T22:10:35.232164",
  "compression": {
    "lossless": {
      "ratios": {
        "mean": 13.295961395140584,
        "median": 8.459708000647801,
        "min": 0.30303030303030304,
        "max": 35.96139927623643,
        "std": 14.74729734244305,
        "p95": 35.96139927623643,
        "p99": 35.96139927623643
      },
      "size_savings": {
        "ocr_mean": 10112.25,
        "nbmf_mean": 577.25,
        "savings_percent": 94.29157704764025
      }
    },
    "semantic": {
      "ratios": {
        "mean": 2.530410410549346,
        "median": 1.4041502093842202,
        "min": 0.30864197530864196,
        "max": 7.004699248120301,
        "std": 2.7662626304668185,
        "p95": 7.004699248120301,
        "p99": 7.004699248120301
      },
      "size_savings": {
        "ocr_mean": 10112.25,
        "nbmf_mean": 2584.25,
        "savings_percent": 74.44436203614428
      }
    }
  },
  "accuracy": {
    "lossless": {
      "exact_match_rate": 1.0,
      "hash_match_rate": 1.0,
      "total_tests": 20
    },
    "semantic": {
      "mean_similarity": 0.9527511961722488,
      "min_similarity": 0.9473684210526315,
      "p95_similarity": 0.9545454545454546,
      "total_tests": 20
    }
  },
  "latency": {
    "encode": {
      "lossless": {
        "mean": 0.16261000005215465,
        "p50": 0.09590000263415277,
        "p95": 0.6539000023622066,
        "p99": 1.0481000026629772,
        "min": 0.007299997378140688,
        "max": 1.0481000026629772
      },
      "semantic": {
        "mean": 0.08218625002882618,
        "p50": 0.0627999979769811,
        "p95": 0.2965000021504238,
        "p99": 0.5024000020057429,
        "min": 0.0025000008463393897,
        "max": 0.5024000020057429
      }
    },
    "decode": {
      "lossless": {
        "mean": 0.029517499933717772,
        "p50": 0.019699997210409492,
        "p95": 0.09010000212583691,
        "p99": 0.1889000013761688,
        "min": 0.0032999996619764715,
        "max": 0.1889000013761688
      },
      "semantic": {
        "mean": 0.0023174998659669654,
        "p50": 0.0021999985619913787,
        "p95": 0.005300000339047983,
        "p99": 0.019999999494757503,
        "min": 0.0002999986463692039,
        "max": 0.019999999494757503
      }
    }
  },
  "token_counts": {
    "ocr": {
      "mean": 2528.0625,
      "total": 10112.25
    },
    "nbmf_lossless": {
      "mean": 144.3125,
      "total": 577.25,
      "reduction_percent": 94.29157704764025
    },
    "nbmf_semantic": {
      "mean": 646.0625,
      "total": 2584.25,
      "reduction_percent": 74.44436203614428
    }
  },
  "round_trip_tests": {},
  "summary": {
    "compression_ratio_lossless": 13.295961395140584,
    "compression_ratio_semantic": 2.530410410549346,
    "storage_savings_lossless": 94.29157704764025,
    "storage_savings_semantic": 74.44436203614428,
    "accuracy_lossless": 100.0,
    "accuracy_semantic": 95.27511961722487,
    "encode_latency_p95_lossless_ms": 0.6539000023622066,
    "encode_latency_p95_semantic_ms": 0.2965000021504238,
    "decode_latency_p95_lossless_ms": 0.09010000212583691,
    "decode_latency_p95_semantic_ms": 0.005300000339047983,
    "token_reduction_lossless_percent": 94.29157704764025,
    "token_reduction_semantic_percent": 74.44436203614428
  }
}